TOC(mg/L),FI,BIX,f -min (e),f 0min(e),light intensity(lux),Time(min),pH,Egap(ev),VIP(ev),demove
4.989,1.34301,0.52432,0.0004,0.0041,56857.5,5,7.5,5.69563,7.489,0.0353
4.989,1.34301,0.52432,0.0004,0.0041,56857.5,10,7.5,5.69563,7.489,0.0817
4.989,1.34301,0.52432,0.0004,0.0041,56857.5,20,7.5,5.69563,7.489,0.1727
4.989,1.34301,0.52432,0.0004,0.0041,56857.5,30,7.5,5.69563,7.489,0.2592
4.989,1.34301,0.52432,0.0004,0.0041,56857.5,45,7.5,5.69563,7.489,0.3672
4.989,1.34301,0.52432,0.0004,0.0041,56857.5,60,7.5,5.69563,7.489,0.4526
9.978,1.34301,0.52432,0.0004,0.0041,354822.2,5,7.56,5.69563,7.489,0.1026
9.978,1.34301,0.52432,0.0004,0.0041,354822.2,10,7.56,5.69563,7.489,0.2347
9.978,1.34301,0.52432,0.0004,0.0041,354822.2,20,7.56,5.69563,7.489,0.3381
9.978,1.34301,0.52432,0.0004,0.0041,354822.2,30,7.56,5.69563,7.489,0.4945
9.978,1.34301,0.52432,0.0004,0.0041,354822.2,45,7.56,5.69563,7.489,0.6245
9.978,1.34301,0.52432,0.0004,0.0041,354822.2,60,7.56,5.69563,7.489,0.7362
16.63,1.34301,0.52432,0.0004,0.0041,56857.5,5,7.57,5.69563,7.489,0.0845
16.63,1.34301,0.52432,0.0004,0.0041,56857.5,10,7.57,5.69563,7.489,0.2235
16.63,1.34301,0.52432,0.0004,0.0041,56857.5,20,7.57,5.69563,7.489,0.3834
16.63,1.34301,0.52432,0.0004,0.0041,56857.5,30,7.57,5.69563,7.489,0.5738
16.63,1.34301,0.52432,0.0004,0.0041,56857.5,45,7.57,5.69563,7.489,0.7291
16.63,1.34301,0.52432,0.0004,0.0041,56857.5,60,7.57,5.69563,7.489,0.8286
16.63,1.34301,0.52432,-0.001,-0.0008,44528.75,5,6.82,10.641568,7.0142,0.0441
16.63,1.34301,0.52432,-0.001,-0.0008,44528.75,10,6.82,10.641568,7.0142,0.0448
16.63,1.34301,0.52432,-0.001,-0.0008,44528.75,20,6.82,10.641568,7.0142,0.0585
16.63,1.34301,0.52432,-0.001,-0.0008,44528.75,30,6.82,10.641568,7.0142,0.0619
16.63,1.34301,0.52432,-0.001,-0.0008,44528.75,45,6.82,10.641568,7.0142,0.0658
16.63,1.34301,0.52432,-0.001,-0.0008,44528.75,60,6.82,10.641568,7.0142,0.0678
16.63,1.34301,0.52432,0.001,0.0011,44528.75,5,7.47,5.06482,7.485,0.0331
16.63,1.34301,0.52432,0.001,0.0011,44528.75,10,7.47,5.06482,7.485,0.0406
16.63,1.34301,0.52432,0.001,0.0011,44528.75,20,7.47,5.06482,7.485,0.0655
16.63,1.34301,0.52432,0.001,0.0011,44528.75,30,7.47,5.06482,7.485,0.0926
16.63,1.34301,0.52432,0.001,0.0011,44528.75,45,7.47,5.06482,7.485,0.0999
16.63,1.34301,0.52432,0.001,0.0011,44528.75,60,7.47,5.06482,7.485,0.1048
4.989,1.34301,0.52432,-0.0008,0.0033,56857.5,5,7.69,9.062218,7.0095,0.0118
4.989,1.34301,0.52432,-0.0008,0.0033,56857.5,10,7.69,9.062218,7.0095,0.0208
4.989,1.34301,0.52432,-0.0008,0.0033,56857.5,20,7.69,9.062218,7.0095,0.0261
4.989,1.34301,0.52432,-0.0008,0.0033,56857.5,30,7.69,9.062218,7.0095,0.0265
4.989,1.34301,0.52432,-0.0008,0.0033,56857.5,45,7.69,9.062218,7.0095,0.0346
4.989,1.34301,0.52432,-0.0008,0.0033,56857.5,60,7.69,9.062218,7.0095,0.0575
9.978,1.34301,0.52432,-0.0008,0.0033,354822.2,5,7.82,9.062218,7.0095,0.0088
9.978,1.34301,0.52432,-0.0008,0.0033,354822.2,10,7.82,9.062218,7.0095,0.0266
9.978,1.34301,0.52432,-0.0008,0.0033,354822.2,20,7.82,9.062218,7.0095,0.041
9.978,1.34301,0.52432,-0.0008,0.0033,354822.2,30,7.82,9.062218,7.0095,0.0773
9.978,1.34301,0.52432,-0.0008,0.0033,354822.2,45,7.82,9.062218,7.0095,0.0917
9.978,1.34301,0.52432,-0.0008,0.0033,354822.2,60,7.82,9.062218,7.0095,0.1112
16.63,1.34301,0.52432,-0.0008,0.0033,56857.5,5,7.89,9.062218,7.0095,0.0156
16.63,1.34301,0.52432,-0.0008,0.0033,56857.5,10,7.89,9.062218,7.0095,0.0212
16.63,1.34301,0.52432,-0.0008,0.0033,56857.5,20,7.89,9.062218,7.0095,0.0522
16.63,1.34301,0.52432,-0.0008,0.0033,56857.5,30,7.89,9.062218,7.0095,0.0604
16.63,1.34301,0.52432,-0.0008,0.0033,56857.5,45,7.89,9.062218,7.0095,0.0941
16.63,1.34301,0.52432,-0.0008,0.0033,56857.5,60,7.89,9.062218,7.0095,0.1075
4.989,1.34301,0.52432,0.0033,0.0043,354822.2,5,7.44,7.989244,7.2589,0.019
4.989,1.34301,0.52432,0.0033,0.0043,354822.2,10,7.44,7.989244,7.2589,0.039
4.989,1.34301,0.52432,0.0033,0.0043,354822.2,20,7.44,7.989244,7.2589,0.0814
4.989,1.34301,0.52432,0.0033,0.0043,354822.2,30,7.44,7.989244,7.2589,0.1156
4.989,1.34301,0.52432,0.0033,0.0043,354822.2,45,7.44,7.989244,7.2589,0.1645
4.989,1.34301,0.52432,0.0033,0.0043,354822.2,60,7.44,7.989244,7.2589,0.1802
9.978,1.34301,0.52432,0.0033,0.0043,354822.2,5,7.3,7.989244,7.2589,0.0005
9.978,1.34301,0.52432,0.0033,0.0043,354822.2,10,7.3,7.989244,7.2589,0.0286
9.978,1.34301,0.52432,0.0033,0.0043,354822.2,20,7.3,7.989244,7.2589,0.0668
9.978,1.34301,0.52432,0.0033,0.0043,354822.2,30,7.3,7.989244,7.2589,0.0845
9.978,1.34301,0.52432,0.0033,0.0043,354822.2,45,7.3,7.989244,7.2589,0.1301
9.978,1.34301,0.52432,0.0033,0.0043,354822.2,60,7.3,7.989244,7.2589,0.1576
16.63,1.34301,0.52432,0.0033,0.0043,56857.5,5,7.22,7.989244,7.2589,0.011
16.63,1.34301,0.52432,0.0033,0.0043,56857.5,10,7.22,7.989244,7.2589,0.0416
16.63,1.34301,0.52432,0.0033,0.0043,56857.5,20,7.22,7.989244,7.2589,0.047
16.63,1.34301,0.52432,0.0033,0.0043,56857.5,30,7.22,7.989244,7.2589,0.0734
16.63,1.34301,0.52432,0.0033,0.0043,56857.5,45,7.22,7.989244,7.2589,0.1073
16.63,1.34301,0.52432,0.0033,0.0043,56857.5,60,7.22,7.989244,7.2589,0.1391
5.8065,1.51914,0.41623,0.0004,0.0041,354822.2,5,6.09,5.69563,7.489,0.0092
5.8065,1.51914,0.41623,0.0004,0.0041,354822.2,10,6.09,5.69563,7.489,0.012
5.8065,1.51914,0.41623,0.0004,0.0041,354822.2,20,6.09,5.69563,7.489,0.0149
5.8065,1.51914,0.41623,0.0004,0.0041,354822.2,30,6.09,5.69563,7.489,0.0152
5.8065,1.51914,0.41623,0.0004,0.0041,354822.2,45,6.09,5.69563,7.489,0.0381
5.8065,1.51914,0.41623,0.0004,0.0041,354822.2,60,6.09,5.69563,7.489,0.0531
11.613,1.51914,0.41623,0.0004,0.0041,56857.5,5,6.2,5.69563,7.489,0.0078
11.613,1.51914,0.41623,0.0004,0.0041,56857.5,10,6.2,5.69563,7.489,0.0197
11.613,1.51914,0.41623,0.0004,0.0041,56857.5,20,6.2,5.69563,7.489,0.0337
11.613,1.51914,0.41623,0.0004,0.0041,56857.5,30,6.2,5.69563,7.489,0.0618
11.613,1.51914,0.41623,0.0004,0.0041,56857.5,45,6.2,5.69563,7.489,0.0757
11.613,1.51914,0.41623,0.0004,0.0041,56857.5,60,6.2,5.69563,7.489,0.0849
19.355,1.51914,0.41623,0.0004,0.0041,56857.5,5,6.26,5.69563,7.489,0.0022
19.355,1.51914,0.41623,0.0004,0.0041,56857.5,10,6.26,5.69563,7.489,0.01
19.355,1.51914,0.41623,0.0004,0.0041,56857.5,20,6.26,5.69563,7.489,0.014
19.355,1.51914,0.41623,0.0004,0.0041,56857.5,30,6.26,5.69563,7.489,0.0319
19.355,1.51914,0.41623,0.0004,0.0041,56857.5,45,6.26,5.69563,7.489,0.0503
19.355,1.51914,0.41623,0.0004,0.0041,56857.5,60,6.26,5.69563,7.489,0.0751
19.355,1.51914,0.41623,-0.001,-0.0008,354822.2,5,5.37,10.641568,7.0142,0.0025
19.355,1.51914,0.41623,-0.001,-0.0008,354822.2,10,5.37,10.641568,7.0142,0.0175
19.355,1.51914,0.41623,-0.001,-0.0008,354822.2,20,5.37,10.641568,7.0142,0.0218
19.355,1.51914,0.41623,-0.001,-0.0008,354822.2,30,5.37,10.641568,7.0142,0.0236
19.355,1.51914,0.41623,-0.001,-0.0008,354822.2,45,5.37,10.641568,7.0142,0.0242
19.355,1.51914,0.41623,-0.001,-0.0008,354822.2,60,5.37,10.641568,7.0142,0.0244
19.355,1.51914,0.41623,0.001,0.0011,44528.75,5,5.54,5.06482,7.485,0.0151
19.355,1.51914,0.41623,0.001,0.0011,44528.75,10,5.54,5.06482,7.485,0.0307
19.355,1.51914,0.41623,0.001,0.0011,44528.75,20,5.54,5.06482,7.485,0.0321
19.355,1.51914,0.41623,0.001,0.0011,44528.75,30,5.54,5.06482,7.485,0.0323
19.355,1.51914,0.41623,0.001,0.0011,44528.75,45,5.54,5.06482,7.485,0.0331
19.355,1.51914,0.41623,0.001,0.0011,44528.75,60,5.54,5.06482,7.485,0.0352
5.8065,1.51914,0.41623,-0.0008,0.0033,354822.2,5,6.39,9.062218,7.0095,0.0151
5.8065,1.51914,0.41623,-0.0008,0.0033,354822.2,10,6.39,9.062218,7.0095,0.0183
5.8065,1.51914,0.41623,-0.0008,0.0033,354822.2,20,6.39,9.062218,7.0095,0.0202
5.8065,1.51914,0.41623,-0.0008,0.0033,354822.2,30,6.39,9.062218,7.0095,0.0341
5.8065,1.51914,0.41623,-0.0008,0.0033,354822.2,45,6.39,9.062218,7.0095,0.0374
5.8065,1.51914,0.41623,-0.0008,0.0033,354822.2,60,6.39,9.062218,7.0095,0.0424
11.613,1.51914,0.41623,-0.0008,0.0033,56857.5,5,6.43,9.062218,7.0095,0.0065
11.613,1.51914,0.41623,-0.0008,0.0033,56857.5,10,6.43,9.062218,7.0095,0.026
11.613,1.51914,0.41623,-0.0008,0.0033,56857.5,20,6.43,9.062218,7.0095,0.0269
11.613,1.51914,0.41623,-0.0008,0.0033,56857.5,30,6.43,9.062218,7.0095,0.028
11.613,1.51914,0.41623,-0.0008,0.0033,56857.5,45,6.43,9.062218,7.0095,0.0341
11.613,1.51914,0.41623,-0.0008,0.0033,56857.5,60,6.43,9.062218,7.0095,0.0384
19.355,1.51914,0.41623,-0.0008,0.0033,354822.2,5,6.58,9.062218,7.0095,0.0286
19.355,1.51914,0.41623,-0.0008,0.0033,354822.2,10,6.58,9.062218,7.0095,0.0323
19.355,1.51914,0.41623,-0.0008,0.0033,354822.2,20,6.58,9.062218,7.0095,0.0349
19.355,1.51914,0.41623,-0.0008,0.0033,354822.2,30,6.58,9.062218,7.0095,0.0377
19.355,1.51914,0.41623,-0.0008,0.0033,354822.2,45,6.58,9.062218,7.0095,0.0553
19.355,1.51914,0.41623,-0.0008,0.0033,354822.2,60,6.58,9.062218,7.0095,0.0628
5.8065,1.51914,0.41623,0.0033,0.0043,56857.5,5,6.6,7.989244,7.2589,0.0305
5.8065,1.51914,0.41623,0.0033,0.0043,56857.5,10,6.6,7.989244,7.2589,0.0492
5.8065,1.51914,0.41623,0.0033,0.0043,56857.5,20,6.6,7.989244,7.2589,0.0613
5.8065,1.51914,0.41623,0.0033,0.0043,56857.5,30,6.6,7.989244,7.2589,0.0868
5.8065,1.51914,0.41623,0.0033,0.0043,56857.5,45,6.6,7.989244,7.2589,0.0974
5.8065,1.51914,0.41623,0.0033,0.0043,56857.5,60,6.6,7.989244,7.2589,0.1029
11.613,1.51914,0.41623,0.0033,0.0043,354822.2,5,6.41,7.989244,7.2589,0.0072
11.613,1.51914,0.41623,0.0033,0.0043,354822.2,10,6.41,7.989244,7.2589,0.0077
11.613,1.51914,0.41623,0.0033,0.0043,354822.2,20,6.41,7.989244,7.2589,0.0388
11.613,1.51914,0.41623,0.0033,0.0043,354822.2,30,6.41,7.989244,7.2589,0.0665
11.613,1.51914,0.41623,0.0033,0.0043,354822.2,45,6.41,7.989244,7.2589,0.0932
11.613,1.51914,0.41623,0.0033,0.0043,354822.2,60,6.41,7.989244,7.2589,0.1092
19.355,1.51914,0.41623,0.0033,0.0043,56857.5,5,6.32,7.989244,7.2589,0.0148
19.355,1.51914,0.41623,0.0033,0.0043,56857.5,10,6.32,7.989244,7.2589,0.0159
19.355,1.51914,0.41623,0.0033,0.0043,56857.5,20,6.32,7.989244,7.2589,0.0287
19.355,1.51914,0.41623,0.0033,0.0043,56857.5,30,6.32,7.989244,7.2589,0.033
19.355,1.51914,0.41623,0.0033,0.0043,56857.5,45,6.32,7.989244,7.2589,0.0718
19.355,1.51914,0.41623,0.0033,0.0043,56857.5,60,6.32,7.989244,7.2589,0.0778
5.2845,1.25427,0.43964,0.0004,0.0041,354822.2,5,7.56,5.69563,7.489,0.1227
5.2845,1.25427,0.43964,0.0004,0.0041,354822.2,10,7.56,5.69563,7.489,0.2478
5.2845,1.25427,0.43964,0.0004,0.0041,354822.2,20,7.56,5.69563,7.489,0.4365
5.2845,1.25427,0.43964,0.0004,0.0041,354822.2,30,7.56,5.69563,7.489,0.5334
5.2845,1.25427,0.43964,0.0004,0.0041,354822.2,60,7.56,5.69563,7.489,0.6738
5.2845,1.25427,0.43964,0.0004,0.0041,354822.2,90,7.56,5.69563,7.489,0.7366
10.569,1.25427,0.43964,0.0004,0.0041,56857.5,5,7.51,5.69563,7.489,0.2414
10.569,1.25427,0.43964,0.0004,0.0041,56857.5,10,7.51,5.69563,7.489,0.4269
10.569,1.25427,0.43964,0.0004,0.0041,56857.5,20,7.51,5.69563,7.489,0.629
10.569,1.25427,0.43964,0.0004,0.0041,56857.5,30,7.51,5.69563,7.489,0.7368
10.569,1.25427,0.43964,0.0004,0.0041,56857.5,60,7.51,5.69563,7.489,0.8715
10.569,1.25427,0.43964,0.0004,0.0041,56857.5,90,7.51,5.69563,7.489,0.9417
17.615,1.25427,0.43964,0.0004,0.0041,56857.5,5,7.5,5.69563,7.489,0.1742
17.615,1.25427,0.43964,0.0004,0.0041,56857.5,10,7.5,5.69563,7.489,0.3788
17.615,1.25427,0.43964,0.0004,0.0041,56857.5,20,7.5,5.69563,7.489,0.6348
17.615,1.25427,0.43964,0.0004,0.0041,56857.5,30,7.5,5.69563,7.489,0.8036
17.615,1.25427,0.43964,0.0004,0.0041,56857.5,45,7.5,5.69563,7.489,0.9002
17.615,1.25427,0.43964,0.0004,0.0041,56857.5,60,7.5,5.69563,7.489,0.9491
17.615,1.25427,0.43964,-0.001,-0.0008,56857.5,5,7.28,10.641568,7.0142,0.0513
17.615,1.25427,0.43964,-0.001,-0.0008,56857.5,10,7.28,10.641568,7.0142,0.0712
17.615,1.25427,0.43964,-0.001,-0.0008,56857.5,20,7.28,10.641568,7.0142,0.1091
17.615,1.25427,0.43964,-0.001,-0.0008,56857.5,30,7.28,10.641568,7.0142,0.1192
17.615,1.25427,0.43964,-0.001,-0.0008,56857.5,45,7.28,10.641568,7.0142,0.1372
17.615,1.25427,0.43964,-0.001,-0.0008,56857.5,60,7.28,10.641568,7.0142,0.1961
5.2845,1.25427,0.43964,0.001,0.0011,44528.75,5,6.8,5.06482,7.485,0.0103
5.2845,1.25427,0.43964,0.001,0.0011,44528.75,10,6.8,5.06482,7.485,0.0193
5.2845,1.25427,0.43964,0.001,0.0011,44528.75,20,6.8,5.06482,7.485,0.0222
5.2845,1.25427,0.43964,0.001,0.0011,44528.75,30,6.8,5.06482,7.485,0.0261
5.2845,1.25427,0.43964,0.001,0.0011,44528.75,45,6.8,5.06482,7.485,0.0287
5.2845,1.25427,0.43964,0.001,0.0011,44528.75,60,6.8,5.06482,7.485,0.0473
10.569,1.25427,0.43964,0.001,0.0011,44528.75,5,6.52,5.06482,7.485,0.0032
10.569,1.25427,0.43964,0.001,0.0011,44528.75,10,6.52,5.06482,7.485,0.0046
10.569,1.25427,0.43964,0.001,0.0011,44528.75,20,6.52,5.06482,7.485,0.01
10.569,1.25427,0.43964,0.001,0.0011,44528.75,30,6.52,5.06482,7.485,0.0118
10.569,1.25427,0.43964,0.001,0.0011,44528.75,45,6.52,5.06482,7.485,0.0126
10.569,1.25427,0.43964,0.001,0.0011,44528.75,60,6.52,5.06482,7.485,0.0169
17.615,1.25427,0.43964,0.001,0.0011,44528.75,5,6.72,5.06482,7.485,0.0031
17.615,1.25427,0.43964,0.001,0.0011,44528.75,10,6.72,5.06482,7.485,0.0051
17.615,1.25427,0.43964,0.001,0.0011,44528.75,20,6.72,5.06482,7.485,0.0066
17.615,1.25427,0.43964,0.001,0.0011,44528.75,30,6.72,5.06482,7.485,0.0082
17.615,1.25427,0.43964,0.001,0.0011,44528.75,45,6.72,5.06482,7.485,0.0176
17.615,1.25427,0.43964,0.001,0.0011,44528.75,60,6.72,5.06482,7.485,0.0188
5.2845,1.25427,0.43964,-0.0008,0.0033,354822.2,5,7.71,9.062218,7.0095,0.0346
5.2845,1.25427,0.43964,-0.0008,0.0033,354822.2,10,7.71,9.062218,7.0095,0.0689
5.2845,1.25427,0.43964,-0.0008,0.0033,354822.2,20,7.71,9.062218,7.0095,0.1195
5.2845,1.25427,0.43964,-0.0008,0.0033,354822.2,30,7.71,9.062218,7.0095,0.1834
5.2845,1.25427,0.43964,-0.0008,0.0033,354822.2,45,7.71,9.062218,7.0095,0.249
5.2845,1.25427,0.43964,-0.0008,0.0033,354822.2,60,7.71,9.062218,7.0095,0.3026
10.569,1.25427,0.43964,-0.0008,0.0033,56857.5,5,7.7,9.062218,7.0095,0.0179
10.569,1.25427,0.43964,-0.0008,0.0033,56857.5,10,7.7,9.062218,7.0095,0.0453
10.569,1.25427,0.43964,-0.0008,0.0033,56857.5,20,7.7,9.062218,7.0095,0.0689
10.569,1.25427,0.43964,-0.0008,0.0033,56857.5,30,7.7,9.062218,7.0095,0.1298
10.569,1.25427,0.43964,-0.0008,0.0033,56857.5,45,7.7,9.062218,7.0095,0.1634
10.569,1.25427,0.43964,-0.0008,0.0033,56857.5,60,7.7,9.062218,7.0095,0.185
17.615,1.25427,0.43964,-0.0008,0.0033,354822.2,5,7.6,9.062218,7.0095,0.0359
17.615,1.25427,0.43964,-0.0008,0.0033,354822.2,10,7.6,9.062218,7.0095,0.0576
17.615,1.25427,0.43964,-0.0008,0.0033,354822.2,20,7.6,9.062218,7.0095,0.1053
17.615,1.25427,0.43964,-0.0008,0.0033,354822.2,30,7.6,9.062218,7.0095,0.1555
17.615,1.25427,0.43964,-0.0008,0.0033,354822.2,45,7.6,9.062218,7.0095,0.2196
17.615,1.25427,0.43964,-0.0008,0.0033,354822.2,60,7.6,9.062218,7.0095,0.2665
5.2845,1.25427,0.43964,0.0033,0.0043,354822.2,5,7.6,7.989244,7.2589,0.0894
5.2845,1.25427,0.43964,0.0033,0.0043,354822.2,10,7.6,7.989244,7.2589,0.1145
5.2845,1.25427,0.43964,0.0033,0.0043,354822.2,20,7.6,7.989244,7.2589,0.1717
5.2845,1.25427,0.43964,0.0033,0.0043,354822.2,30,7.6,7.989244,7.2589,0.2121
5.2845,1.25427,0.43964,0.0033,0.0043,354822.2,45,7.6,7.989244,7.2589,0.2519
5.2845,1.25427,0.43964,0.0033,0.0043,354822.2,60,7.6,7.989244,7.2589,0.3017
10.569,1.25427,0.43964,0.0033,0.0043,56857.5,5,7.62,7.989244,7.2589,0.0613
10.569,1.25427,0.43964,0.0033,0.0043,56857.5,10,7.62,7.989244,7.2589,0.1082
10.569,1.25427,0.43964,0.0033,0.0043,56857.5,20,7.62,7.989244,7.2589,0.1756
10.569,1.25427,0.43964,0.0033,0.0043,56857.5,30,7.62,7.989244,7.2589,0.2341
10.569,1.25427,0.43964,0.0033,0.0043,56857.5,45,7.62,7.989244,7.2589,0.2886
10.569,1.25427,0.43964,0.0033,0.0043,56857.5,60,7.62,7.989244,7.2589,0.3125
17.615,1.25427,0.43964,0.0033,0.0043,56857.5,5,7.52,7.989244,7.2589,0.0163
17.615,1.25427,0.43964,0.0033,0.0043,56857.5,10,7.52,7.989244,7.2589,0.0567
17.615,1.25427,0.43964,0.0033,0.0043,56857.5,20,7.52,7.989244,7.2589,0.1307
17.615,1.25427,0.43964,0.0033,0.0043,56857.5,30,7.52,7.989244,7.2589,0.1933
17.615,1.25427,0.43964,0.0033,0.0043,56857.5,45,7.52,7.989244,7.2589,0.3168
17.615,1.25427,0.43964,0.0033,0.0043,56857.5,60,7.52,7.989244,7.2589,0.3285
5.4705,1.33001,0.6497,0.0004,0.0041,354822.2,5,7.35,5.69563,7.489,0.0761
5.4705,1.33001,0.6497,0.0004,0.0041,354822.2,10,7.35,5.69563,7.489,0.1554
5.4705,1.33001,0.6497,0.0004,0.0041,354822.2,20,7.35,5.69563,7.489,0.2844
5.4705,1.33001,0.6497,0.0004,0.0041,354822.2,30,7.35,5.69563,7.489,0.4177
5.4705,1.33001,0.6497,0.0004,0.0041,354822.2,60,7.35,5.69563,7.489,0.5076
5.4705,1.33001,0.6497,0.0004,0.0041,354822.2,90,7.35,5.69563,7.489,0.5756
10.941,1.33001,0.6497,0.0004,0.0041,354822.2,5,7.33,5.69563,7.489,0.1395
10.941,1.33001,0.6497,0.0004,0.0041,354822.2,10,7.33,5.69563,7.489,0.3043
10.941,1.33001,0.6497,0.0004,0.0041,354822.2,20,7.33,5.69563,7.489,0.4559
10.941,1.33001,0.6497,0.0004,0.0041,354822.2,30,7.33,5.69563,7.489,0.639
10.941,1.33001,0.6497,0.0004,0.0041,354822.2,60,7.33,5.69563,7.489,0.7465
10.941,1.33001,0.6497,0.0004,0.0041,354822.2,90,7.33,5.69563,7.489,0.8336
18.235,1.33001,0.6497,0.0004,0.0041,354822.2,5,7.24,5.69563,7.489,0.2826
18.235,1.33001,0.6497,0.0004,0.0041,354822.2,10,7.24,5.69563,7.489,0.4437
18.235,1.33001,0.6497,0.0004,0.0041,354822.2,20,7.24,5.69563,7.489,0.6114
18.235,1.33001,0.6497,0.0004,0.0041,354822.2,30,7.24,5.69563,7.489,0.7995
18.235,1.33001,0.6497,0.0004,0.0041,354822.2,60,7.24,5.69563,7.489,0.9757
18.235,1.33001,0.6497,0.0004,0.0041,354822.2,90,7.24,5.69563,7.489,0.9891
18.235,1.33001,0.6497,-0.001,-0.0008,44528.75,5,7.02,10.641568,7.0142,0.02
18.235,1.33001,0.6497,-0.001,-0.0008,44528.75,10,7.02,10.641568,7.0142,0.0201
18.235,1.33001,0.6497,-0.001,-0.0008,44528.75,20,7.02,10.641568,7.0142,0.0206
18.235,1.33001,0.6497,-0.001,-0.0008,44528.75,30,7.02,10.641568,7.0142,0.0208
18.235,1.33001,0.6497,-0.001,-0.0008,44528.75,45,7.02,10.641568,7.0142,0.0213
18.235,1.33001,0.6497,-0.001,-0.0008,44528.75,60,7.02,10.641568,7.0142,0.0213
5.4705,1.33001,0.6497,0.001,0.0011,44528.75,5,7.58,5.06482,7.485,0.0068
5.4705,1.33001,0.6497,0.001,0.0011,44528.75,10,7.58,5.06482,7.485,0.0139
5.4705,1.33001,0.6497,0.001,0.0011,44528.75,20,7.58,5.06482,7.485,0.0166
5.4705,1.33001,0.6497,0.001,0.0011,44528.75,30,7.58,5.06482,7.485,0.0213
5.4705,1.33001,0.6497,0.001,0.0011,44528.75,45,7.58,5.06482,7.485,0.0246
5.4705,1.33001,0.6497,0.001,0.0011,44528.75,60,7.58,5.06482,7.485,0.0261
10.941,1.33001,0.6497,0.001,0.0011,44528.75,5,7.78,5.06482,7.485,0.0123
10.941,1.33001,0.6497,0.001,0.0011,44528.75,10,7.78,5.06482,7.485,0.0141
10.941,1.33001,0.6497,0.001,0.0011,44528.75,20,7.78,5.06482,7.485,0.0191
10.941,1.33001,0.6497,0.001,0.0011,44528.75,30,7.78,5.06482,7.485,0.0205
10.941,1.33001,0.6497,0.001,0.0011,44528.75,45,7.78,5.06482,7.485,0.0239
10.941,1.33001,0.6497,0.001,0.0011,44528.75,60,7.78,5.06482,7.485,0.0269
18.235,1.33001,0.6497,0.001,0.0011,44528.75,5,7.94,5.06482,7.485,0.0061
18.235,1.33001,0.6497,0.001,0.0011,44528.75,10,7.94,5.06482,7.485,0.0395
18.235,1.33001,0.6497,0.001,0.0011,44528.75,20,7.94,5.06482,7.485,0.0534
18.235,1.33001,0.6497,0.001,0.0011,44528.75,30,7.94,5.06482,7.485,0.0554
18.235,1.33001,0.6497,0.001,0.0011,44528.75,45,7.94,5.06482,7.485,0.063
18.235,1.33001,0.6497,0.001,0.0011,44528.75,60,7.94,5.06482,7.485,0.0658
5.4705,1.33001,0.6497,-0.0008,0.0033,354822.2,5,7.76,9.062218,7.0095,0.0019
5.4705,1.33001,0.6497,-0.0008,0.0033,354822.2,10,7.76,9.062218,7.0095,0.0046
5.4705,1.33001,0.6497,-0.0008,0.0033,354822.2,20,7.76,9.062218,7.0095,0.0275
5.4705,1.33001,0.6497,-0.0008,0.0033,354822.2,30,7.76,9.062218,7.0095,0.0645
5.4705,1.33001,0.6497,-0.0008,0.0033,354822.2,45,7.76,9.062218,7.0095,0.0821
5.4705,1.33001,0.6497,-0.0008,0.0033,354822.2,60,7.76,9.062218,7.0095,0.0947
10.941,1.33001,0.6497,-0.0008,0.0033,56857.5,5,7.66,9.062218,7.0095,0.0203
10.941,1.33001,0.6497,-0.0008,0.0033,56857.5,10,7.66,9.062218,7.0095,0.0234
10.941,1.33001,0.6497,-0.0008,0.0033,56857.5,20,7.66,9.062218,7.0095,0.0298
10.941,1.33001,0.6497,-0.0008,0.0033,56857.5,30,7.66,9.062218,7.0095,0.0485
10.941,1.33001,0.6497,-0.0008,0.0033,56857.5,45,7.66,9.062218,7.0095,0.0711
10.941,1.33001,0.6497,-0.0008,0.0033,56857.5,60,7.66,9.062218,7.0095,0.0868
18.235,1.33001,0.6497,-0.0008,0.0033,354822.2,5,7.56,9.062218,7.0095,0.0287
18.235,1.33001,0.6497,-0.0008,0.0033,354822.2,10,7.56,9.062218,7.0095,0.0699
18.235,1.33001,0.6497,-0.0008,0.0033,354822.2,20,7.56,9.062218,7.0095,0.1179
18.235,1.33001,0.6497,-0.0008,0.0033,354822.2,30,7.56,9.062218,7.0095,0.1596
18.235,1.33001,0.6497,-0.0008,0.0033,354822.2,45,7.56,9.062218,7.0095,0.2279
18.235,1.33001,0.6497,-0.0008,0.0033,354822.2,60,7.56,9.062218,7.0095,0.2604
5.4705,1.33001,0.6497,0.0033,0.0043,354822.2,5,7.85,7.989244,7.2589,0.0529
5.4705,1.33001,0.6497,0.0033,0.0043,354822.2,10,7.85,7.989244,7.2589,0.0521
5.4705,1.33001,0.6497,0.0033,0.0043,354822.2,20,7.85,7.989244,7.2589,0.1448
5.4705,1.33001,0.6497,0.0033,0.0043,354822.2,30,7.85,7.989244,7.2589,0.5188
5.4705,1.33001,0.6497,0.0033,0.0043,354822.2,45,7.85,7.989244,7.2589,0.1974
5.4705,1.33001,0.6497,0.0033,0.0043,354822.2,60,7.85,7.989244,7.2589,0.219
10.941,1.33001,0.6497,0.0033,0.0043,56857.5,5,7.81,7.989244,7.2589,0.012
10.941,1.33001,0.6497,0.0033,0.0043,56857.5,10,7.81,7.989244,7.2589,0.0261
10.941,1.33001,0.6497,0.0033,0.0043,56857.5,20,7.81,7.989244,7.2589,0.0541
10.941,1.33001,0.6497,0.0033,0.0043,56857.5,30,7.81,7.989244,7.2589,0.0776
10.941,1.33001,0.6497,0.0033,0.0043,56857.5,45,7.81,7.989244,7.2589,0.0961
10.941,1.33001,0.6497,0.0033,0.0043,56857.5,60,7.81,7.989244,7.2589,0.1303
18.235,1.33001,0.6497,0.0033,0.0043,354822.2,5,7.7,7.989244,7.2589,0.011
18.235,1.33001,0.6497,0.0033,0.0043,354822.2,10,7.7,7.989244,7.2589,0.0235
18.235,1.33001,0.6497,0.0033,0.0043,354822.2,20,7.7,7.989244,7.2589,0.0806
18.235,1.33001,0.6497,0.0033,0.0043,354822.2,30,7.7,7.989244,7.2589,0.0987
18.235,1.33001,0.6497,0.0033,0.0043,354822.2,45,7.7,7.989244,7.2589,0.128
18.235,1.33001,0.6497,0.0033,0.0043,354822.2,60,7.7,7.989244,7.2589,0.1959
10.7895,1.23461,0.62601,0.0004,0.0041,354822.2,5,7.53,5.69563,7.489,0.2773
10.7895,1.23461,0.62601,0.0004,0.0041,354822.2,10,7.53,5.69563,7.489,0.3902
10.7895,1.23461,0.62601,0.0004,0.0041,354822.2,20,7.53,5.69563,7.489,0.6251
10.7895,1.23461,0.62601,0.0004,0.0041,354822.2,30,7.53,5.69563,7.489,0.7201
10.7895,1.23461,0.62601,0.0004,0.0041,354822.2,45,7.53,5.69563,7.489,0.7821
10.7895,1.23461,0.62601,0.0004,0.0041,354822.2,60,7.53,5.69563,7.489,0.8374
21.579,1.23461,0.62601,0.0004,0.0041,56857.5,5,7.59,5.69563,7.489,0.1977
21.579,1.23461,0.62601,0.0004,0.0041,56857.5,10,7.59,5.69563,7.489,0.2903
21.579,1.23461,0.62601,0.0004,0.0041,56857.5,20,7.59,5.69563,7.489,0.531
21.579,1.23461,0.62601,0.0004,0.0041,56857.5,30,7.59,5.69563,7.489,0.6856
21.579,1.23461,0.62601,0.0004,0.0041,56857.5,45,7.59,5.69563,7.489,0.8162
21.579,1.23461,0.62601,0.0004,0.0041,56857.5,60,7.59,5.69563,7.489,0.9023
35.965,1.23461,0.62601,0.0004,0.0041,56857.5,5,7.59,5.69563,7.489,0.1441
35.965,1.23461,0.62601,0.0004,0.0041,56857.5,10,7.59,5.69563,7.489,0.3868
35.965,1.23461,0.62601,0.0004,0.0041,56857.5,20,7.59,5.69563,7.489,0.6288
35.965,1.23461,0.62601,0.0004,0.0041,56857.5,30,7.59,5.69563,7.489,0.7634
35.965,1.23461,0.62601,0.0004,0.0041,56857.5,45,7.59,5.69563,7.489,0.8327
35.965,1.23461,0.62601,0.0004,0.0041,56857.5,60,7.59,5.69563,7.489,0.8574
10.7895,1.23461,0.62601,-0.001,-0.0008,354822.2,5,7.5,10.641568,7.0142,0.0133
10.7895,1.23461,0.62601,-0.001,-0.0008,354822.2,10,7.5,10.641568,7.0142,0.0469
10.7895,1.23461,0.62601,-0.001,-0.0008,354822.2,20,7.5,10.641568,7.0142,0.054
10.7895,1.23461,0.62601,-0.001,-0.0008,354822.2,30,7.5,10.641568,7.0142,0.0703
10.7895,1.23461,0.62601,-0.001,-0.0008,354822.2,45,7.5,10.641568,7.0142,0.1427
10.7895,1.23461,0.62601,-0.001,-0.0008,354822.2,60,7.5,10.641568,7.0142,0.1629
35.965,1.23461,0.62601,-0.001,-0.0008,44528.75,5,7.32,10.641568,7.0142,0.0209
35.965,1.23461,0.62601,-0.001,-0.0008,44528.75,10,7.32,10.641568,7.0142,0.0335
35.965,1.23461,0.62601,-0.001,-0.0008,44528.75,20,7.32,10.641568,7.0142,0.0342
35.965,1.23461,0.62601,-0.001,-0.0008,44528.75,30,7.32,10.641568,7.0142,0.0355
35.965,1.23461,0.62601,-0.001,-0.0008,44528.75,45,7.32,10.641568,7.0142,0.0499
35.965,1.23461,0.62601,-0.001,-0.0008,44528.75,60,7.32,10.641568,7.0142,0.0578
35.965,1.23461,0.62601,0.001,0.0011,44528.75,5,7.59,5.06482,7.485,0.0221
35.965,1.23461,0.62601,0.001,0.0011,44528.75,10,7.59,5.06482,7.485,0.0451
35.965,1.23461,0.62601,0.001,0.0011,44528.75,20,7.59,5.06482,7.485,0.0453
35.965,1.23461,0.62601,0.001,0.0011,44528.75,30,7.59,5.06482,7.485,0.0484
35.965,1.23461,0.62601,0.001,0.0011,44528.75,45,7.59,5.06482,7.485,0.0542
35.965,1.23461,0.62601,0.001,0.0011,44528.75,60,7.59,5.06482,7.485,0.0621
10.7895,1.23461,0.62601,-0.0008,0.0033,354822.2,5,7.6,9.062218,7.0095,0.0261
10.7895,1.23461,0.62601,-0.0008,0.0033,354822.2,10,7.6,9.062218,7.0095,0.0442
10.7895,1.23461,0.62601,-0.0008,0.0033,354822.2,20,7.6,9.062218,7.0095,0.0533
10.7895,1.23461,0.62601,-0.0008,0.0033,354822.2,30,7.6,9.062218,7.0095,0.0742
10.7895,1.23461,0.62601,-0.0008,0.0033,354822.2,45,7.6,9.062218,7.0095,0.0988
10.7895,1.23461,0.62601,-0.0008,0.0033,354822.2,60,7.6,9.062218,7.0095,0.1212
21.579,1.23461,0.62601,-0.0008,0.0033,56857.5,5,7.54,9.062218,7.0095,0.0174
21.579,1.23461,0.62601,-0.0008,0.0033,56857.5,10,7.54,9.062218,7.0095,0.0371
21.579,1.23461,0.62601,-0.0008,0.0033,56857.5,20,7.54,9.062218,7.0095,0.0444
21.579,1.23461,0.62601,-0.0008,0.0033,56857.5,30,7.54,9.062218,7.0095,0.0486
21.579,1.23461,0.62601,-0.0008,0.0033,56857.5,45,7.54,9.062218,7.0095,0.0777
21.579,1.23461,0.62601,-0.0008,0.0033,56857.5,60,7.54,9.062218,7.0095,0.0902
35.965,1.23461,0.62601,-0.0008,0.0033,354822.2,5,7.25,9.062218,7.0095,0.0351
35.965,1.23461,0.62601,-0.0008,0.0033,354822.2,10,7.25,9.062218,7.0095,0.0763
35.965,1.23461,0.62601,-0.0008,0.0033,354822.2,20,7.25,9.062218,7.0095,0.1525
35.965,1.23461,0.62601,-0.0008,0.0033,354822.2,30,7.25,9.062218,7.0095,0.2089
35.965,1.23461,0.62601,-0.0008,0.0033,354822.2,45,7.25,9.062218,7.0095,0.2758
35.965,1.23461,0.62601,-0.0008,0.0033,354822.2,60,7.25,9.062218,7.0095,0.3272
10.7895,1.23461,0.62601,0.0033,0.0043,354822.2,5,7.2,7.989244,7.2589,0.0199
10.7895,1.23461,0.62601,0.0033,0.0043,354822.2,10,7.2,7.989244,7.2589,0.0624
10.7895,1.23461,0.62601,0.0033,0.0043,354822.2,20,7.2,7.989244,7.2589,0.1012
10.7895,1.23461,0.62601,0.0033,0.0043,354822.2,30,7.2,7.989244,7.2589,0.1379
10.7895,1.23461,0.62601,0.0033,0.0043,354822.2,45,7.2,7.989244,7.2589,0.1927
10.7895,1.23461,0.62601,0.0033,0.0043,354822.2,60,7.2,7.989244,7.2589,0.2165
21.579,1.23461,0.62601,0.0033,0.0043,56857.5,5,7.8,7.989244,7.2589,0.0198
21.579,1.23461,0.62601,0.0033,0.0043,56857.5,10,7.8,7.989244,7.2589,0.0303
21.579,1.23461,0.62601,0.0033,0.0043,56857.5,20,7.8,7.989244,7.2589,0.0762
21.579,1.23461,0.62601,0.0033,0.0043,56857.5,30,7.8,7.989244,7.2589,0.1068
21.579,1.23461,0.62601,0.0033,0.0043,56857.5,45,7.8,7.989244,7.2589,0.1558
21.579,1.23461,0.62601,0.0033,0.0043,56857.5,60,7.8,7.989244,7.2589,0.1902
35.965,1.23461,0.62601,0.0033,0.0043,354822.2,5,7.73,7.989244,7.2589,0.0242
35.965,1.23461,0.62601,0.0033,0.0043,354822.2,10,7.73,7.989244,7.2589,0.0556
35.965,1.23461,0.62601,0.0033,0.0043,354822.2,20,7.73,7.989244,7.2589,0.0751
35.965,1.23461,0.62601,0.0033,0.0043,354822.2,30,7.73,7.989244,7.2589,0.0946
35.965,1.23461,0.62601,0.0033,0.0043,354822.2,45,7.73,7.989244,7.2589,0.1737
35.965,1.23461,0.62601,0.0033,0.0043,354822.2,60,7.73,7.989244,7.2589,0.2222
3.1605,1.33004,0.40161,0.0004,0.0041,56857.5,5,6.11,5.69563,7.489,0.0161
3.1605,1.33004,0.40161,0.0004,0.0041,56857.5,10,6.11,5.69563,7.489,0.0228
3.1605,1.33004,0.40161,0.0004,0.0041,56857.5,20,6.11,5.69563,7.489,0.0355
3.1605,1.33004,0.40161,0.0004,0.0041,56857.5,30,6.11,5.69563,7.489,0.0722
3.1605,1.33004,0.40161,0.0004,0.0041,56857.5,45,6.11,5.69563,7.489,0.0762
3.1605,1.33004,0.40161,0.0004,0.0041,56857.5,60,6.11,5.69563,7.489,0.103
6.321,1.33004,0.40161,0.0004,0.0041,354822.2,5,6.22,5.69563,7.489,0.0095
6.321,1.33004,0.40161,0.0004,0.0041,354822.2,10,6.22,5.69563,7.489,0.01
6.321,1.33004,0.40161,0.0004,0.0041,354822.2,20,6.22,5.69563,7.489,0.0209
6.321,1.33004,0.40161,0.0004,0.0041,354822.2,30,6.22,5.69563,7.489,0.0234
6.321,1.33004,0.40161,0.0004,0.0041,354822.2,45,6.22,5.69563,7.489,0.0546
6.321,1.33004,0.40161,0.0004,0.0041,354822.2,60,6.22,5.69563,7.489,0.0845
10.535,1.33004,0.40161,0.0004,0.0041,56857.5,5,6.15,5.69563,7.489,0.0338
10.535,1.33004,0.40161,0.0004,0.0041,56857.5,10,6.15,5.69563,7.489,0.0527
10.535,1.33004,0.40161,0.0004,0.0041,56857.5,20,6.15,5.69563,7.489,0.0711
10.535,1.33004,0.40161,0.0004,0.0041,56857.5,30,6.15,5.69563,7.489,0.0983
10.535,1.33004,0.40161,0.0004,0.0041,56857.5,45,6.15,5.69563,7.489,0.1271
10.535,1.33004,0.40161,0.0004,0.0041,56857.5,60,6.15,5.69563,7.489,0.1363
10.535,1.33004,0.40161,-0.001,-0.0008,44528.75,5,5.15,10.641568,7.0142,0.0111
10.535,1.33004,0.40161,-0.001,-0.0008,44528.75,10,5.15,10.641568,7.0142,0.0119
10.535,1.33004,0.40161,-0.001,-0.0008,44528.75,20,5.15,10.641568,7.0142,0.0137
10.535,1.33004,0.40161,-0.001,-0.0008,44528.75,30,5.15,10.641568,7.0142,0.015
10.535,1.33004,0.40161,-0.001,-0.0008,44528.75,45,5.15,10.641568,7.0142,0.0159
10.535,1.33004,0.40161,-0.001,-0.0008,44528.75,60,5.15,10.641568,7.0142,0.0368
10.535,1.33004,0.40161,0.001,0.0011,44528.75,5,5.9,5.06482,7.485,0.0294
10.535,1.33004,0.40161,0.001,0.0011,44528.75,10,5.9,5.06482,7.485,0.0307
10.535,1.33004,0.40161,0.001,0.0011,44528.75,20,5.9,5.06482,7.485,0.0379
10.535,1.33004,0.40161,0.001,0.0011,44528.75,30,5.9,5.06482,7.485,0.0434
10.535,1.33004,0.40161,0.001,0.0011,44528.75,45,5.9,5.06482,7.485,0.0456
10.535,1.33004,0.40161,0.001,0.0011,44528.75,60,5.9,5.06482,7.485,0.0522
3.1605,1.33004,0.40161,-0.0008,0.0033,354822.2,5,6.56,9.062218,7.0095,0.004
3.1605,1.33004,0.40161,-0.0008,0.0033,354822.2,10,6.56,9.062218,7.0095,0.0102
3.1605,1.33004,0.40161,-0.0008,0.0033,354822.2,20,6.56,9.062218,7.0095,0.017
3.1605,1.33004,0.40161,-0.0008,0.0033,354822.2,30,6.56,9.062218,7.0095,0.0201
3.1605,1.33004,0.40161,-0.0008,0.0033,354822.2,45,6.56,9.062218,7.0095,0.0299
3.1605,1.33004,0.40161,-0.0008,0.0033,354822.2,60,6.56,9.062218,7.0095,0.0311
6.321,1.33004,0.40161,-0.0008,0.0033,56857.5,5,6.57,9.062218,7.0095,0.0103
6.321,1.33004,0.40161,-0.0008,0.0033,56857.5,10,6.57,9.062218,7.0095,0.0169
6.321,1.33004,0.40161,-0.0008,0.0033,56857.5,20,6.57,9.062218,7.0095,0.0214
6.321,1.33004,0.40161,-0.0008,0.0033,56857.5,30,6.57,9.062218,7.0095,0.0348
6.321,1.33004,0.40161,-0.0008,0.0033,56857.5,45,6.57,9.062218,7.0095,0.0372
6.321,1.33004,0.40161,-0.0008,0.0033,56857.5,60,6.57,9.062218,7.0095,0.0525
10.535,1.33004,0.40161,-0.0008,0.0033,354822.2,5,6.59,9.062218,7.0095,0.0164
10.535,1.33004,0.40161,-0.0008,0.0033,354822.2,10,6.59,9.062218,7.0095,0.0355
10.535,1.33004,0.40161,-0.0008,0.0033,354822.2,20,6.59,9.062218,7.0095,0.0436
10.535,1.33004,0.40161,-0.0008,0.0033,354822.2,30,6.59,9.062218,7.0095,0.0488
10.535,1.33004,0.40161,-0.0008,0.0033,354822.2,45,6.59,9.062218,7.0095,0.0576
10.535,1.33004,0.40161,-0.0008,0.0033,354822.2,60,6.59,9.062218,7.0095,0.0659
3.1605,1.33004,0.40161,0.0033,0.0043,354822.2,5,6.7,7.989244,7.2589,0.0556
3.1605,1.33004,0.40161,0.0033,0.0043,354822.2,10,6.7,7.989244,7.2589,0.0734
3.1605,1.33004,0.40161,0.0033,0.0043,354822.2,20,6.7,7.989244,7.2589,0.079
3.1605,1.33004,0.40161,0.0033,0.0043,354822.2,30,6.7,7.989244,7.2589,0.0916
3.1605,1.33004,0.40161,0.0033,0.0043,354822.2,45,6.7,7.989244,7.2589,0.109
3.1605,1.33004,0.40161,0.0033,0.0043,354822.2,60,6.7,7.989244,7.2589,0.1154
6.321,1.33004,0.40161,0.0033,0.0043,56857.5,5,6.64,7.989244,7.2589,0.0372
6.321,1.33004,0.40161,0.0033,0.0043,56857.5,10,6.64,7.989244,7.2589,0.0491
6.321,1.33004,0.40161,0.0033,0.0043,56857.5,20,6.64,7.989244,7.2589,0.076
6.321,1.33004,0.40161,0.0033,0.0043,56857.5,30,6.64,7.989244,7.2589,0.0932
6.321,1.33004,0.40161,0.0033,0.0043,56857.5,45,6.64,7.989244,7.2589,0.1003
6.321,1.33004,0.40161,0.0033,0.0043,56857.5,60,6.64,7.989244,7.2589,0.1191
10.535,1.33004,0.40161,0.0033,0.0043,354822.2,5,6.65,7.989244,7.2589,0.0007
10.535,1.33004,0.40161,0.0033,0.0043,354822.2,10,6.65,7.989244,7.2589,0.0014
10.535,1.33004,0.40161,0.0033,0.0043,354822.2,20,6.65,7.989244,7.2589,0.0264
10.535,1.33004,0.40161,0.0033,0.0043,354822.2,30,6.65,7.989244,7.2589,0.0422
10.535,1.33004,0.40161,0.0033,0.0043,354822.2,45,6.65,7.989244,7.2589,0.0563
10.535,1.33004,0.40161,0.0033,0.0043,354822.2,60,6.65,7.989244,7.2589,0.0893
4.806,1.30467,0.49468,0.0004,0.0041,354822.2,5,7.79,5.69563,7.489,0.0466
4.806,1.30467,0.49468,0.0004,0.0041,354822.2,10,7.79,5.69563,7.489,0.1366
4.806,1.30467,0.49468,0.0004,0.0041,354822.2,20,7.79,5.69563,7.489,0.3162
4.806,1.30467,0.49468,0.0004,0.0041,354822.2,30,7.79,5.69563,7.489,0.4107
4.806,1.30467,0.49468,0.0004,0.0041,354822.2,45,7.79,5.69563,7.489,0.5423
4.806,1.30467,0.49468,0.0004,0.0041,354822.2,60,7.79,5.69563,7.489,0.6117
9.612,1.30467,0.49468,0.0004,0.0041,56857.5,5,7.94,5.69563,7.489,0.131
9.612,1.30467,0.49468,0.0004,0.0041,56857.5,10,7.94,5.69563,7.489,0.2623
9.612,1.30467,0.49468,0.0004,0.0041,56857.5,20,7.94,5.69563,7.489,0.4021
9.612,1.30467,0.49468,0.0004,0.0041,56857.5,30,7.94,5.69563,7.489,0.5602
9.612,1.30467,0.49468,0.0004,0.0041,56857.5,45,7.94,5.69563,7.489,0.7196
9.612,1.30467,0.49468,0.0004,0.0041,56857.5,60,7.94,5.69563,7.489,0.7953
16.02,1.30467,0.49468,0.0004,0.0041,354822.2,5,8.29,5.69563,7.489,0.2991
16.02,1.30467,0.49468,0.0004,0.0041,354822.2,10,8.29,5.69563,7.489,0.4218
16.02,1.30467,0.49468,0.0004,0.0041,354822.2,20,8.29,5.69563,7.489,0.6716
16.02,1.30467,0.49468,0.0004,0.0041,354822.2,30,8.29,5.69563,7.489,0.7954
16.02,1.30467,0.49468,0.0004,0.0041,354822.2,60,8.29,5.69563,7.489,0.952
16.02,1.30467,0.49468,0.0004,0.0041,354822.2,90,8.29,5.69563,7.489,0.9819
16.02,1.30467,0.49468,-0.001,-0.0008,354822.2,5,7.14,10.641568,7.0142,0.0275
16.02,1.30467,0.49468,-0.001,-0.0008,354822.2,10,7.14,10.641568,7.0142,0.1389
16.02,1.30467,0.49468,-0.001,-0.0008,354822.2,20,7.14,10.641568,7.0142,0.1465
16.02,1.30467,0.49468,-0.001,-0.0008,354822.2,30,7.14,10.641568,7.0142,0.1583
16.02,1.30467,0.49468,-0.001,-0.0008,354822.2,45,7.14,10.641568,7.0142,0.1948
16.02,1.30467,0.49468,-0.001,-0.0008,354822.2,60,7.14,10.641568,7.0142,0.2513
4.806,1.30467,0.49468,0.001,0.0011,44528.75,5,7.53,5.06482,7.485,0.0071
4.806,1.30467,0.49468,0.001,0.0011,44528.75,10,7.53,5.06482,7.485,0.0412
4.806,1.30467,0.49468,0.001,0.0011,44528.75,20,7.53,5.06482,7.485,0.0604
4.806,1.30467,0.49468,0.001,0.0011,44528.75,30,7.53,5.06482,7.485,0.0622
4.806,1.30467,0.49468,0.001,0.0011,44528.75,45,7.53,5.06482,7.485,0.0628
4.806,1.30467,0.49468,0.001,0.0011,44528.75,60,7.53,5.06482,7.485,0.0638
9.612,1.30467,0.49468,0.001,0.0011,44528.75,5,7.44,5.06482,7.485,0.0181
9.612,1.30467,0.49468,0.001,0.0011,44528.75,10,7.44,5.06482,7.485,0.0182
9.612,1.30467,0.49468,0.001,0.0011,44528.75,20,7.44,5.06482,7.485,0.0201
9.612,1.30467,0.49468,0.001,0.0011,44528.75,30,7.44,5.06482,7.485,0.0255
9.612,1.30467,0.49468,0.001,0.0011,44528.75,45,7.44,5.06482,7.485,0.0284
9.612,1.30467,0.49468,0.001,0.0011,44528.75,60,7.44,5.06482,7.485,0.0291
16.02,1.30467,0.49468,0.001,0.0011,44528.75,5,7.55,5.06482,7.485,0.0088
16.02,1.30467,0.49468,0.001,0.0011,44528.75,10,7.55,5.06482,7.485,0.0199
16.02,1.30467,0.49468,0.001,0.0011,44528.75,20,7.55,5.06482,7.485,0.0287
16.02,1.30467,0.49468,0.001,0.0011,44528.75,30,7.55,5.06482,7.485,0.0302
16.02,1.30467,0.49468,0.001,0.0011,44528.75,45,7.55,5.06482,7.485,0.0328
16.02,1.30467,0.49468,0.001,0.0011,44528.75,60,7.55,5.06482,7.485,0.035
4.806,1.30467,0.49468,-0.0008,0.0033,354822.2,5,7.68,9.062218,7.0095,0.0038
4.806,1.30467,0.49468,-0.0008,0.0033,354822.2,10,7.68,9.062218,7.0095,0.0162
4.806,1.30467,0.49468,-0.0008,0.0033,354822.2,20,7.68,9.062218,7.0095,0.0605
4.806,1.30467,0.49468,-0.0008,0.0033,354822.2,30,7.68,9.062218,7.0095,0.0623
4.806,1.30467,0.49468,-0.0008,0.0033,354822.2,45,7.68,9.062218,7.0095,0.1142
4.806,1.30467,0.49468,-0.0008,0.0033,354822.2,60,7.68,9.062218,7.0095,0.1575
9.612,1.30467,0.49468,-0.0008,0.0033,56857.5,5,7.75,9.062218,7.0095,0.015
9.612,1.30467,0.49468,-0.0008,0.0033,56857.5,10,7.75,9.062218,7.0095,0.0215
9.612,1.30467,0.49468,-0.0008,0.0033,56857.5,20,7.75,9.062218,7.0095,0.0523
9.612,1.30467,0.49468,-0.0008,0.0033,56857.5,30,7.75,9.062218,7.0095,0.0728
9.612,1.30467,0.49468,-0.0008,0.0033,56857.5,45,7.75,9.062218,7.0095,0.117
9.612,1.30467,0.49468,-0.0008,0.0033,56857.5,60,7.75,9.062218,7.0095,0.1467
16.02,1.30467,0.49468,-0.0008,0.0033,56857.5,5,7.64,9.062218,7.0095,0.0132
16.02,1.30467,0.49468,-0.0008,0.0033,56857.5,10,7.64,9.062218,7.0095,0.032
16.02,1.30467,0.49468,-0.0008,0.0033,56857.5,20,7.64,9.062218,7.0095,0.0669
16.02,1.30467,0.49468,-0.0008,0.0033,56857.5,30,7.64,9.062218,7.0095,0.1071
16.02,1.30467,0.49468,-0.0008,0.0033,56857.5,45,7.64,9.062218,7.0095,0.1535
16.02,1.30467,0.49468,-0.0008,0.0033,56857.5,60,7.64,9.062218,7.0095,0.1868
4.806,1.30467,0.49468,0.0033,0.0043,354822.2,5,7.81,7.989244,7.2589,0.0481
4.806,1.30467,0.49468,0.0033,0.0043,354822.2,10,7.81,7.989244,7.2589,0.0733
4.806,1.30467,0.49468,0.0033,0.0043,354822.2,20,7.81,7.989244,7.2589,0.1067
4.806,1.30467,0.49468,0.0033,0.0043,354822.2,30,7.81,7.989244,7.2589,0.1413
4.806,1.30467,0.49468,0.0033,0.0043,354822.2,45,7.81,7.989244,7.2589,0.1797
4.806,1.30467,0.49468,0.0033,0.0043,354822.2,60,7.81,7.989244,7.2589,0.209
9.612,1.30467,0.49468,0.0033,0.0043,56857.5,5,7.76,7.989244,7.2589,0.0349
9.612,1.30467,0.49468,0.0033,0.0043,56857.5,10,7.76,7.989244,7.2589,0.0666
9.612,1.30467,0.49468,0.0033,0.0043,56857.5,20,7.76,7.989244,7.2589,0.1201
9.612,1.30467,0.49468,0.0033,0.0043,56857.5,30,7.76,7.989244,7.2589,0.1762
9.612,1.30467,0.49468,0.0033,0.0043,56857.5,45,7.76,7.989244,7.2589,0.2384
9.612,1.30467,0.49468,0.0033,0.0043,56857.5,60,7.76,7.989244,7.2589,0.279
16.02,1.30467,0.49468,0.0033,0.0043,354822.2,5,7.65,7.989244,7.2589,0.0239
16.02,1.30467,0.49468,0.0033,0.0043,354822.2,10,7.65,7.989244,7.2589,0.0567
16.02,1.30467,0.49468,0.0033,0.0043,354822.2,20,7.65,7.989244,7.2589,0.117
16.02,1.30467,0.49468,0.0033,0.0043,354822.2,30,7.65,7.989244,7.2589,0.2057
16.02,1.30467,0.49468,0.0033,0.0043,354822.2,45,7.65,7.989244,7.2589,0.3004
16.02,1.30467,0.49468,0.0033,0.0043,354822.2,60,7.65,7.989244,7.2589,0.3586
2.56905,1.2343,0.38407,0.0004,0.0041,354822.2,5,7.21,5.69563,7.489,0.0107
2.56905,1.2343,0.38407,0.0004,0.0041,354822.2,10,7.21,5.69563,7.489,0.0319
2.56905,1.2343,0.38407,0.0004,0.0041,354822.2,20,7.21,5.69563,7.489,0.0931
2.56905,1.2343,0.38407,0.0004,0.0041,354822.2,30,7.21,5.69563,7.489,0.1875
2.56905,1.2343,0.38407,0.0004,0.0041,354822.2,45,7.21,5.69563,7.489,0.3127
2.56905,1.2343,0.38407,0.0004,0.0041,354822.2,60,7.21,5.69563,7.489,0.4117
5.1381,1.2343,0.38407,0.0004,0.0041,354822.2,5,7.24,5.69563,7.489,0.0819
5.1381,1.2343,0.38407,0.0004,0.0041,354822.2,10,7.24,5.69563,7.489,0.1378
5.1381,1.2343,0.38407,0.0004,0.0041,354822.2,20,7.24,5.69563,7.489,0.2388
5.1381,1.2343,0.38407,0.0004,0.0041,354822.2,30,7.24,5.69563,7.489,0.369
5.1381,1.2343,0.38407,0.0004,0.0041,354822.2,45,7.24,5.69563,7.489,0.4991
5.1381,1.2343,0.38407,0.0004,0.0041,354822.2,60,7.24,5.69563,7.489,0.5523
8.5635,1.2343,0.38407,0.0004,0.0041,56857.5,5,7.19,5.69563,7.489,0.082
8.5635,1.2343,0.38407,0.0004,0.0041,56857.5,10,7.19,5.69563,7.489,0.2499
8.5635,1.2343,0.38407,0.0004,0.0041,56857.5,20,7.19,5.69563,7.489,0.2536
8.5635,1.2343,0.38407,0.0004,0.0041,56857.5,30,7.19,5.69563,7.489,0.3572
8.5635,1.2343,0.38407,0.0004,0.0041,56857.5,45,7.19,5.69563,7.489,0.4954
8.5635,1.2343,0.38407,0.0004,0.0041,56857.5,60,7.19,5.69563,7.489,0.5953
8.5635,1.2343,0.38407,-0.001,-0.0008,44528.75,5,7.36,10.641568,7.0142,0.0059
8.5635,1.2343,0.38407,-0.001,-0.0008,44528.75,10,7.36,10.641568,7.0142,0.0103
8.5635,1.2343,0.38407,-0.001,-0.0008,44528.75,20,7.36,10.641568,7.0142,0.014
8.5635,1.2343,0.38407,-0.001,-0.0008,44528.75,30,7.36,10.641568,7.0142,0.0421
8.5635,1.2343,0.38407,-0.001,-0.0008,44528.75,45,7.36,10.641568,7.0142,0.059
8.5635,1.2343,0.38407,-0.001,-0.0008,44528.75,60,7.36,10.641568,7.0142,0.0628
2.56905,1.2343,0.38407,0.001,0.0011,44528.75,5,6.97,5.06482,7.485,0.0083
2.56905,1.2343,0.38407,0.001,0.0011,44528.75,10,6.97,5.06482,7.485,0.0101
2.56905,1.2343,0.38407,0.001,0.0011,44528.75,20,6.97,5.06482,7.485,0.027
2.56905,1.2343,0.38407,0.001,0.0011,44528.75,30,6.97,5.06482,7.485,0.0305
2.56905,1.2343,0.38407,0.001,0.0011,44528.75,45,6.97,5.06482,7.485,0.0342
2.56905,1.2343,0.38407,0.001,0.0011,44528.75,60,6.97,5.06482,7.485,0.0499
5.1381,1.2343,0.38407,0.001,0.0011,44528.75,5,6.81,5.06482,7.485,0.0006
5.1381,1.2343,0.38407,0.001,0.0011,44528.75,10,6.81,5.06482,7.485,0.0129
5.1381,1.2343,0.38407,0.001,0.0011,44528.75,20,6.81,5.06482,7.485,0.0175
5.1381,1.2343,0.38407,0.001,0.0011,44528.75,30,6.81,5.06482,7.485,0.0249
5.1381,1.2343,0.38407,0.001,0.0011,44528.75,45,6.81,5.06482,7.485,0.0269
5.1381,1.2343,0.38407,0.001,0.0011,44528.75,60,6.81,5.06482,7.485,0.0371
8.5635,1.2343,0.38407,0.001,0.0011,44528.75,5,7.45,5.06482,7.485,0.0203
8.5635,1.2343,0.38407,0.001,0.0011,44528.75,10,7.45,5.06482,7.485,0.0448
8.5635,1.2343,0.38407,0.001,0.0011,44528.75,20,7.45,5.06482,7.485,0.0449
8.5635,1.2343,0.38407,0.001,0.0011,44528.75,30,7.45,5.06482,7.485,0.0456
8.5635,1.2343,0.38407,0.001,0.0011,44528.75,45,7.45,5.06482,7.485,0.0463
8.5635,1.2343,0.38407,0.001,0.0011,44528.75,60,7.45,5.06482,7.485,0.0508
2.56905,1.2343,0.38407,-0.0008,0.0033,56857.5,5,7.4,9.062218,7.0095,0.0062
2.56905,1.2343,0.38407,-0.0008,0.0033,56857.5,10,7.4,9.062218,7.0095,0.0192
2.56905,1.2343,0.38407,-0.0008,0.0033,56857.5,20,7.4,9.062218,7.0095,0.0225
2.56905,1.2343,0.38407,-0.0008,0.0033,56857.5,30,7.4,9.062218,7.0095,0.0256
2.56905,1.2343,0.38407,-0.0008,0.0033,56857.5,45,7.4,9.062218,7.0095,0.0296
2.56905,1.2343,0.38407,-0.0008,0.0033,56857.5,60,7.4,9.062218,7.0095,0.0386
5.1381,1.2343,0.38407,-0.0008,0.0033,56857.5,5,7.33,9.062218,7.0095,0.0027
5.1381,1.2343,0.38407,-0.0008,0.0033,56857.5,10,7.33,9.062218,7.0095,0.0142
5.1381,1.2343,0.38407,-0.0008,0.0033,56857.5,20,7.33,9.062218,7.0095,0.0251
5.1381,1.2343,0.38407,-0.0008,0.0033,56857.5,30,7.33,9.062218,7.0095,0.0358
5.1381,1.2343,0.38407,-0.0008,0.0033,56857.5,45,7.33,9.062218,7.0095,0.047
5.1381,1.2343,0.38407,-0.0008,0.0033,56857.5,60,7.33,9.062218,7.0095,0.0574
8.5635,1.2343,0.38407,-0.0008,0.0033,354822.2,5,7.29,9.062218,7.0095,0.0308
8.5635,1.2343,0.38407,-0.0008,0.0033,354822.2,10,7.29,9.062218,7.0095,0.0457
8.5635,1.2343,0.38407,-0.0008,0.0033,354822.2,20,7.29,9.062218,7.0095,0.0955
8.5635,1.2343,0.38407,-0.0008,0.0033,354822.2,30,7.29,9.062218,7.0095,0.1327
8.5635,1.2343,0.38407,-0.0008,0.0033,354822.2,45,7.29,9.062218,7.0095,0.1808
8.5635,1.2343,0.38407,-0.0008,0.0033,354822.2,60,7.29,9.062218,7.0095,0.2246
2.56905,1.2343,0.38407,0.0033,0.0043,354822.2,5,7.36,7.989244,7.2589,0.0578
2.56905,1.2343,0.38407,0.0033,0.0043,354822.2,10,7.36,7.989244,7.2589,0.0804
2.56905,1.2343,0.38407,0.0033,0.0043,354822.2,20,7.36,7.989244,7.2589,0.1235
2.56905,1.2343,0.38407,0.0033,0.0043,354822.2,30,7.36,7.989244,7.2589,0.1393
2.56905,1.2343,0.38407,0.0033,0.0043,354822.2,45,7.36,7.989244,7.2589,0.1926
2.56905,1.2343,0.38407,0.0033,0.0043,354822.2,60,7.36,7.989244,7.2589,0.2156
5.1381,1.2343,0.38407,0.0033,0.0043,56857.5,5,7.4,7.989244,7.2589,0.0434
5.1381,1.2343,0.38407,0.0033,0.0043,56857.5,10,7.4,7.989244,7.2589,0.0855
5.1381,1.2343,0.38407,0.0033,0.0043,56857.5,20,7.4,7.989244,7.2589,0.1301
5.1381,1.2343,0.38407,0.0033,0.0043,56857.5,30,7.4,7.989244,7.2589,0.1727
5.1381,1.2343,0.38407,0.0033,0.0043,56857.5,45,7.4,7.989244,7.2589,0.2192
5.1381,1.2343,0.38407,0.0033,0.0043,56857.5,60,7.4,7.989244,7.2589,0.2566
8.5635,1.2343,0.38407,0.0033,0.0043,56857.5,5,7.43,7.989244,7.2589,0.0318
8.5635,1.2343,0.38407,0.0033,0.0043,56857.5,10,7.43,7.989244,7.2589,0.0625
8.5635,1.2343,0.38407,0.0033,0.0043,56857.5,20,7.43,7.989244,7.2589,0.115
8.5635,1.2343,0.38407,0.0033,0.0043,56857.5,30,7.43,7.989244,7.2589,0.163
8.5635,1.2343,0.38407,0.0033,0.0043,56857.5,45,7.43,7.989244,7.2589,0.2197
8.5635,1.2343,0.38407,0.0033,0.0043,56857.5,60,7.43,7.989244,7.2589,0.2635
4.7715,1.3232,0.41271,0.0004,0.0041,354822.2,5,7.5,5.69563,7.489,0.0909
4.7715,1.3232,0.41271,0.0004,0.0041,354822.2,10,7.5,5.69563,7.489,0.2075
4.7715,1.3232,0.41271,0.0004,0.0041,354822.2,20,7.5,5.69563,7.489,0.3311
4.7715,1.3232,0.41271,0.0004,0.0041,354822.2,30,7.5,5.69563,7.489,0.4105
4.7715,1.3232,0.41271,0.0004,0.0041,354822.2,45,7.5,5.69563,7.489,0.5777
4.7715,1.3232,0.41271,0.0004,0.0041,354822.2,60,7.5,5.69563,7.489,0.6571
9.543,1.3232,0.41271,0.0004,0.0041,56857.5,5,7.66,5.69563,7.489,0.5586
9.543,1.3232,0.41271,0.0004,0.0041,56857.5,10,7.66,5.69563,7.489,0.6843
9.543,1.3232,0.41271,0.0004,0.0041,56857.5,20,7.66,5.69563,7.489,0.7474
9.543,1.3232,0.41271,0.0004,0.0041,56857.5,30,7.66,5.69563,7.489,0.8424
9.543,1.3232,0.41271,0.0004,0.0041,56857.5,45,7.66,5.69563,7.489,0.8845
9.543,1.3232,0.41271,0.0004,0.0041,56857.5,60,7.66,5.69563,7.489,0.9271
15.905,1.3232,0.41271,0.0004,0.0041,354822.2,5,7.68,5.69563,7.489,0.2459
15.905,1.3232,0.41271,0.0004,0.0041,354822.2,10,7.68,5.69563,7.489,0.4625
15.905,1.3232,0.41271,0.0004,0.0041,354822.2,20,7.68,5.69563,7.489,0.6546
15.905,1.3232,0.41271,0.0004,0.0041,354822.2,30,7.68,5.69563,7.489,0.7743
15.905,1.3232,0.41271,0.0004,0.0041,354822.2,60,7.68,5.69563,7.489,0.9549
15.905,1.3232,0.41271,0.0004,0.0041,354822.2,90,7.68,5.69563,7.489,0.9838
15.905,1.3232,0.41271,-0.001,-0.0008,44528.75,10,7.35,10.641568,7.0142,0.0166
15.905,1.3232,0.41271,-0.001,-0.0008,44528.75,20,7.35,10.641568,7.0142,0.0179
15.905,1.3232,0.41271,-0.001,-0.0008,44528.75,30,7.35,10.641568,7.0142,0.0203
15.905,1.3232,0.41271,-0.001,-0.0008,44528.75,45,7.35,10.641568,7.0142,0.0219
15.905,1.3232,0.41271,-0.001,-0.0008,44528.75,60,7.35,10.641568,7.0142,0.0234
15.905,1.3232,0.41271,0.001,0.0011,44528.75,5,7.58,5.06482,7.485,0.006
15.905,1.3232,0.41271,0.001,0.0011,44528.75,10,7.58,5.06482,7.485,0.0114
15.905,1.3232,0.41271,0.001,0.0011,44528.75,20,7.58,5.06482,7.485,0.016
15.905,1.3232,0.41271,0.001,0.0011,44528.75,30,7.58,5.06482,7.485,0.0519
15.905,1.3232,0.41271,0.001,0.0011,44528.75,45,7.58,5.06482,7.485,0.0807
15.905,1.3232,0.41271,0.001,0.0011,44528.75,60,7.58,5.06482,7.485,0.0838
4.7715,1.3232,0.41271,-0.0008,0.0033,354822.2,5,7.76,9.062218,7.0095,0.006
4.7715,1.3232,0.41271,-0.0008,0.0033,354822.2,10,7.76,9.062218,7.0095,0.0192
4.7715,1.3232,0.41271,-0.0008,0.0033,354822.2,20,7.76,9.062218,7.0095,0.0329
4.7715,1.3232,0.41271,-0.0008,0.0033,354822.2,30,7.76,9.062218,7.0095,0.0531
4.7715,1.3232,0.41271,-0.0008,0.0033,354822.2,45,7.76,9.062218,7.0095,0.0689
4.7715,1.3232,0.41271,-0.0008,0.0033,354822.2,60,7.76,9.062218,7.0095,0.1384
9.543,1.3232,0.41271,-0.0008,0.0033,56857.5,5,7.81,9.062218,7.0095,0.005
9.543,1.3232,0.41271,-0.0008,0.0033,56857.5,10,7.81,9.062218,7.0095,0.0104
9.543,1.3232,0.41271,-0.0008,0.0033,56857.5,20,7.81,9.062218,7.0095,0.0262
9.543,1.3232,0.41271,-0.0008,0.0033,56857.5,30,7.81,9.062218,7.0095,0.0309
9.543,1.3232,0.41271,-0.0008,0.0033,56857.5,45,7.81,9.062218,7.0095,0.0504
9.543,1.3232,0.41271,-0.0008,0.0033,56857.5,60,7.81,9.062218,7.0095,0.0648
15.905,1.3232,0.41271,-0.0008,0.0033,56857.5,5,7.74,9.062218,7.0095,0.0012
15.905,1.3232,0.41271,-0.0008,0.0033,56857.5,10,7.74,9.062218,7.0095,0.0256
15.905,1.3232,0.41271,-0.0008,0.0033,56857.5,20,7.74,9.062218,7.0095,0.0312
15.905,1.3232,0.41271,-0.0008,0.0033,56857.5,30,7.74,9.062218,7.0095,0.0569
15.905,1.3232,0.41271,-0.0008,0.0033,56857.5,45,7.74,9.062218,7.0095,0.0806
15.905,1.3232,0.41271,-0.0008,0.0033,56857.5,60,7.74,9.062218,7.0095,0.1232
4.7715,1.3232,0.41271,0.0033,0.0043,354822.2,5,7.79,7.989244,7.2589,0.0611
4.7715,1.3232,0.41271,0.0033,0.0043,354822.2,10,7.79,7.989244,7.2589,0.0912
4.7715,1.3232,0.41271,0.0033,0.0043,354822.2,20,7.79,7.989244,7.2589,0.1255
4.7715,1.3232,0.41271,0.0033,0.0043,354822.2,30,7.79,7.989244,7.2589,0.1569
4.7715,1.3232,0.41271,0.0033,0.0043,354822.2,45,7.79,7.989244,7.2589,0.1812
4.7715,1.3232,0.41271,0.0033,0.0043,354822.2,60,7.79,7.989244,7.2589,0.2044
9.543,1.3232,0.41271,0.0033,0.0043,354822.2,5,7.75,7.989244,7.2589,0.0256
9.543,1.3232,0.41271,0.0033,0.0043,354822.2,10,7.75,7.989244,7.2589,0.0556
9.543,1.3232,0.41271,0.0033,0.0043,354822.2,20,7.75,7.989244,7.2589,0.1011
9.543,1.3232,0.41271,0.0033,0.0043,354822.2,30,7.75,7.989244,7.2589,0.1322
9.543,1.3232,0.41271,0.0033,0.0043,354822.2,45,7.75,7.989244,7.2589,0.1826
9.543,1.3232,0.41271,0.0033,0.0043,354822.2,60,7.75,7.989244,7.2589,0.23
15.905,1.3232,0.41271,0.0033,0.0043,56857.5,5,7.7,7.989244,7.2589,0.0222
15.905,1.3232,0.41271,0.0033,0.0043,56857.5,10,7.7,7.989244,7.2589,0.0354
15.905,1.3232,0.41271,0.0033,0.0043,56857.5,20,7.7,7.989244,7.2589,0.0798
15.905,1.3232,0.41271,0.0033,0.0043,56857.5,30,7.7,7.989244,7.2589,0.104
15.905,1.3232,0.41271,0.0033,0.0043,56857.5,45,7.7,7.989244,7.2589,0.15
15.905,1.3232,0.41271,0.0033,0.0043,56857.5,60,7.7,7.989244,7.2589,0.1965
5.157,1.35967,0.51502,0.0004,0.0041,354822.2,5,7.19,5.69563,7.489,0.0897
5.157,1.35967,0.51502,0.0004,0.0041,354822.2,10,7.19,5.69563,7.489,0.1417
5.157,1.35967,0.51502,0.0004,0.0041,354822.2,20,7.19,5.69563,7.489,0.2714
5.157,1.35967,0.51502,0.0004,0.0041,354822.2,30,7.19,5.69563,7.489,0.3839
5.157,1.35967,0.51502,0.0004,0.0041,354822.2,60,7.19,5.69563,7.489,0.6658
5.157,1.35967,0.51502,0.0004,0.0041,354822.2,90,7.19,5.69563,7.489,0.8416
10.314,1.35967,0.51502,0.0004,0.0041,56857.5,5,6.68,5.69563,7.489,0.205
10.314,1.35967,0.51502,0.0004,0.0041,56857.5,10,6.68,5.69563,7.489,0.264
10.314,1.35967,0.51502,0.0004,0.0041,56857.5,20,6.68,5.69563,7.489,0.4665
10.314,1.35967,0.51502,0.0004,0.0041,56857.5,30,6.68,5.69563,7.489,0.6086
10.314,1.35967,0.51502,0.0004,0.0041,56857.5,60,6.68,5.69563,7.489,0.7327
10.314,1.35967,0.51502,0.0004,0.0041,56857.5,90,6.68,5.69563,7.489,0.8331
17.19,1.35967,0.51502,0.0004,0.0041,56857.5,5,6.45,5.69563,7.489,0.1624
17.19,1.35967,0.51502,0.0004,0.0041,56857.5,10,6.45,5.69563,7.489,0.3151
17.19,1.35967,0.51502,0.0004,0.0041,56857.5,20,6.45,5.69563,7.489,0.5666
17.19,1.35967,0.51502,0.0004,0.0041,56857.5,30,6.45,5.69563,7.489,0.6961
17.19,1.35967,0.51502,0.0004,0.0041,56857.5,45,6.45,5.69563,7.489,0.8458
17.19,1.35967,0.51502,0.0004,0.0041,56857.5,60,6.45,5.69563,7.489,0.9119
17.19,1.35967,0.51502,-0.001,-0.0008,354822.2,5,7.31,10.641568,7.0142,0.0091
17.19,1.35967,0.51502,-0.001,-0.0008,354822.2,10,7.31,10.641568,7.0142,0.0103
17.19,1.35967,0.51502,-0.001,-0.0008,354822.2,20,7.31,10.641568,7.0142,0.0139
17.19,1.35967,0.51502,-0.001,-0.0008,354822.2,30,7.31,10.641568,7.0142,0.0141
17.19,1.35967,0.51502,-0.001,-0.0008,354822.2,45,7.31,10.641568,7.0142,0.0457
17.19,1.35967,0.51502,-0.001,-0.0008,354822.2,60,7.31,10.641568,7.0142,0.062
5.157,1.35967,0.51502,0.001,0.0011,44528.75,5,7.77,5.06482,7.485,0.0105
5.157,1.35967,0.51502,0.001,0.0011,44528.75,10,7.77,5.06482,7.485,0.0371
5.157,1.35967,0.51502,0.001,0.0011,44528.75,20,7.77,5.06482,7.485,0.0384
5.157,1.35967,0.51502,0.001,0.0011,44528.75,30,7.77,5.06482,7.485,0.0597
5.157,1.35967,0.51502,0.001,0.0011,44528.75,60,7.77,5.06482,7.485,0.0741
5.157,1.35967,0.51502,0.001,0.0011,44528.75,90,7.77,5.06482,7.485,0.0743
10.314,1.35967,0.51502,0.001,0.0011,44528.75,5,7.82,5.06482,7.485,0.0034
10.314,1.35967,0.51502,0.001,0.0011,44528.75,10,7.82,5.06482,7.485,0.0061
10.314,1.35967,0.51502,0.001,0.0011,44528.75,20,7.82,5.06482,7.485,0.02
10.314,1.35967,0.51502,0.001,0.0011,44528.75,30,7.82,5.06482,7.485,0.0262
10.314,1.35967,0.51502,0.001,0.0011,44528.75,60,7.82,5.06482,7.485,0.0303
10.314,1.35967,0.51502,0.001,0.0011,44528.75,90,7.82,5.06482,7.485,0.034
17.19,1.35967,0.51502,0.001,0.0011,44528.75,5,7.44,5.06482,7.485,0.0276
17.19,1.35967,0.51502,0.001,0.0011,44528.75,10,7.44,5.06482,7.485,0.0282
17.19,1.35967,0.51502,0.001,0.0011,44528.75,20,7.44,5.06482,7.485,0.0294
17.19,1.35967,0.51502,0.001,0.0011,44528.75,30,7.44,5.06482,7.485,0.0335
17.19,1.35967,0.51502,0.001,0.0011,44528.75,45,7.44,5.06482,7.485,0.0344
17.19,1.35967,0.51502,0.001,0.0011,44528.75,60,7.44,5.06482,7.485,0.0352
5.157,1.35967,0.51502,-0.0008,0.0033,354822.2,5,7.5,9.062218,7.0095,0.0134
5.157,1.35967,0.51502,-0.0008,0.0033,354822.2,10,7.5,9.062218,7.0095,0.042
5.157,1.35967,0.51502,-0.0008,0.0033,354822.2,20,7.5,9.062218,7.0095,0.051
5.157,1.35967,0.51502,-0.0008,0.0033,354822.2,30,7.5,9.062218,7.0095,0.0802
5.157,1.35967,0.51502,-0.0008,0.0033,354822.2,45,7.5,9.062218,7.0095,0.1165
5.157,1.35967,0.51502,-0.0008,0.0033,354822.2,60,7.5,9.062218,7.0095,0.138
10.314,1.35967,0.51502,-0.0008,0.0033,354822.2,5,7.61,9.062218,7.0095,0.0245
10.314,1.35967,0.51502,-0.0008,0.0033,354822.2,10,7.61,9.062218,7.0095,0.049
10.314,1.35967,0.51502,-0.0008,0.0033,354822.2,20,7.61,9.062218,7.0095,0.0934
10.314,1.35967,0.51502,-0.0008,0.0033,354822.2,30,7.61,9.062218,7.0095,0.1327
10.314,1.35967,0.51502,-0.0008,0.0033,354822.2,60,7.61,9.062218,7.0095,0.1801
10.314,1.35967,0.51502,-0.0008,0.0033,354822.2,90,7.61,9.062218,7.0095,0.2289
17.19,1.35967,0.51502,-0.0008,0.0033,354822.2,5,7.64,9.062218,7.0095,0.0115
17.19,1.35967,0.51502,-0.0008,0.0033,354822.2,10,7.64,9.062218,7.0095,0.0337
17.19,1.35967,0.51502,-0.0008,0.0033,354822.2,20,7.64,9.062218,7.0095,0.0602
17.19,1.35967,0.51502,-0.0008,0.0033,354822.2,30,7.64,9.062218,7.0095,0.0969
17.19,1.35967,0.51502,-0.0008,0.0033,354822.2,60,7.64,9.062218,7.0095,0.125
17.19,1.35967,0.51502,-0.0008,0.0033,354822.2,90,7.64,9.062218,7.0095,0.1632
5.157,1.35967,0.51502,0.0033,0.0043,354822.2,5,7.54,7.989244,7.2589,0.0362
5.157,1.35967,0.51502,0.0033,0.0043,354822.2,10,7.54,7.989244,7.2589,0.0622
5.157,1.35967,0.51502,0.0033,0.0043,354822.2,20,7.54,7.989244,7.2589,0.109
5.157,1.35967,0.51502,0.0033,0.0043,354822.2,30,7.54,7.989244,7.2589,0.1517
5.157,1.35967,0.51502,0.0033,0.0043,354822.2,45,7.54,7.989244,7.2589,0.1765
5.157,1.35967,0.51502,0.0033,0.0043,354822.2,60,7.54,7.989244,7.2589,0.2021
10.314,1.35967,0.51502,0.0033,0.0043,56857.5,5,7.57,7.989244,7.2589,0.0263
10.314,1.35967,0.51502,0.0033,0.0043,56857.5,10,7.57,7.989244,7.2589,0.0477
10.314,1.35967,0.51502,0.0033,0.0043,56857.5,20,7.57,7.989244,7.2589,0.1072
10.314,1.35967,0.51502,0.0033,0.0043,56857.5,30,7.57,7.989244,7.2589,0.154
10.314,1.35967,0.51502,0.0033,0.0043,56857.5,45,7.57,7.989244,7.2589,0.2209
10.314,1.35967,0.51502,0.0033,0.0043,56857.5,60,7.57,7.989244,7.2589,0.2576
17.19,1.35967,0.51502,0.0033,0.0043,354822.2,5,7.48,7.989244,7.2589,0.0189
17.19,1.35967,0.51502,0.0033,0.0043,354822.2,10,7.48,7.989244,7.2589,0.048
17.19,1.35967,0.51502,0.0033,0.0043,354822.2,20,7.48,7.989244,7.2589,0.2168
17.19,1.35967,0.51502,0.0033,0.0043,354822.2,30,7.48,7.989244,7.2589,0.1825
17.19,1.35967,0.51502,0.0033,0.0043,354822.2,45,7.48,7.989244,7.2589,0.2601
17.19,1.35967,0.51502,0.0033,0.0043,354822.2,60,7.48,7.989244,7.2589,0.3311
